Dataset,R2,MAE,MAPE (%),RMSE
Test,0.9459228460467667,12634.834450164062,9.122697351301904,37487.46373610618
Train,0.9912650700600021,5052.235056363967,3.78730742926567,14659.642584555168
